Bathroom Door,2019-03-06,4
Bathroom Door,2019-03-07,0
Bathroom Door,2019-03-08,0
Bathroom Door,2019-03-09,0
Bathroom Door,2019-03-10,0
Bathroom Door,2019-03-11,0
Bathroom Door,2019-03-12,0
Bathroom Door,2019-03-13,0
Bathroom Door,2019-03-14,0
Bathroom Door,2019-03-15,0
Bathroom Door,2019-03-16,0
Bathroom Door,2019-03-17,0
Bathroom Door,2019-03-18,0
Bathroom Door,2019-03-19,0
Bathroom Door,2019-03-20,14
Bathroom Door,2019-03-21,0
Bathroom Door,2019-03-22,0
Bathroom Door,2019-03-23,0
Bathroom Door,2019-03-24,0
Bathroom Door,2019-03-25,0
Bathroom Door,2019-03-26,0
Bathroom Door,2019-03-27,13
Entry Door,2019-03-13,6
Entry Door,2019-03-14,0
Entry Door,2019-03-15,0
Entry Door,2019-03-16,0
Entry Door,2019-03-17,0
Entry Door,2019-03-18,0
Entry Door,2019-03-19,0
Entry Door,2019-03-20,21
Entry Door,2019-03-21,0
Entry Door,2019-03-22,0
Entry Door,2019-03-23,0
Entry Door,2019-03-24,0
Entry Door,2019-03-25,0
Entry Door,2019-03-26,0
Entry Door,2019-03-27,24
