Bathroom Door,2019-03-08,2
Bathroom Door,2019-03-09,0
Bathroom Door,2019-03-10,0
Bathroom Door,2019-03-11,0
Bathroom Door,2019-03-12,0
Bathroom Door,2019-03-13,0
Bathroom Door,2019-03-14,0
Bathroom Door,2019-03-15,2
Bathroom Door,2019-03-16,0
Bathroom Door,2019-03-17,0
Bathroom Door,2019-03-18,0
Bathroom Door,2019-03-19,0
Bathroom Door,2019-03-20,0
Bathroom Door,2019-03-21,0
Bathroom Door,2019-03-22,9
Bathroom Door,2019-03-23,0
Bathroom Door,2019-03-24,0
Bathroom Door,2019-03-25,0
Bathroom Door,2019-03-26,0
Bathroom Door,2019-03-27,0
Bathroom Door,2019-03-28,0
Bathroom Door,2019-03-29,9
Entry Door,2019-03-01,8
Entry Door,2019-03-02,0
Entry Door,2019-03-03,0
Entry Door,2019-03-04,0
Entry Door,2019-03-05,0
Entry Door,2019-03-06,0
Entry Door,2019-03-07,0
Entry Door,2019-03-08,14
Entry Door,2019-03-09,0
Entry Door,2019-03-10,0
Entry Door,2019-03-11,0
Entry Door,2019-03-12,0
Entry Door,2019-03-13,0
Entry Door,2019-03-14,0
Entry Door,2019-03-15,2
Entry Door,2019-03-16,0
Entry Door,2019-03-17,0
Entry Door,2019-03-18,0
Entry Door,2019-03-19,0
Entry Door,2019-03-20,0
Entry Door,2019-03-21,0
Entry Door,2019-03-22,12
Entry Door,2019-03-23,0
Entry Door,2019-03-24,0
Entry Door,2019-03-25,0
Entry Door,2019-03-26,0
Entry Door,2019-03-27,0
Entry Door,2019-03-28,0
Entry Door,2019-03-29,12
