Bathroom Door,2019-03-23,7
Bathroom Door,2019-03-24,0
Bathroom Door,2019-03-25,0
Bathroom Door,2019-03-26,0
Bathroom Door,2019-03-27,0
Bathroom Door,2019-03-28,0
Bathroom Door,2019-03-29,0
Bathroom Door,2019-03-30,4
Entry Door,2019-03-02,8
Entry Door,2019-03-03,0
Entry Door,2019-03-04,0
Entry Door,2019-03-05,0
Entry Door,2019-03-06,0
Entry Door,2019-03-07,0
Entry Door,2019-03-08,0
Entry Door,2019-03-09,0
Entry Door,2019-03-10,0
Entry Door,2019-03-11,0
Entry Door,2019-03-12,0
Entry Door,2019-03-13,0
Entry Door,2019-03-14,0
Entry Door,2019-03-15,0
Entry Door,2019-03-16,0
Entry Door,2019-03-17,0
Entry Door,2019-03-18,0
Entry Door,2019-03-19,0
Entry Door,2019-03-20,0
Entry Door,2019-03-21,0
Entry Door,2019-03-22,0
Entry Door,2019-03-23,4
Entry Door,2019-03-24,0
Entry Door,2019-03-25,0
Entry Door,2019-03-26,0
Entry Door,2019-03-27,0
Entry Door,2019-03-28,0
Entry Door,2019-03-29,0
Entry Door,2019-03-30,12
