Bed Lamp Power,2019-03-07,42
Bed Lamp Power,2019-03-08,0
Bed Lamp Power,2019-03-09,0
Bed Lamp Power,2019-03-10,0
Bed Lamp Power,2019-03-11,0
Bed Lamp Power,2019-03-12,0
Bed Lamp Power,2019-03-13,0
Bed Lamp Power,2019-03-14,39
Bed Lamp Power,2019-03-15,0
Bed Lamp Power,2019-03-16,0
Bed Lamp Power,2019-03-17,0
Bed Lamp Power,2019-03-18,0
Bed Lamp Power,2019-03-19,0
Bed Lamp Power,2019-03-20,0
Bed Lamp Power,2019-03-21,27
Bed Lamp Power,2019-03-22,0
Bed Lamp Power,2019-03-23,0
Bed Lamp Power,2019-03-24,0
Bed Lamp Power,2019-03-25,0
Bed Lamp Power,2019-03-26,0
Bed Lamp Power,2019-03-27,0
Bed Lamp Power,2019-03-28,30
Hot Water Kettle Kitchen Power,2019-03-07,37
Hot Water Kettle Kitchen Power,2019-03-08,0
Hot Water Kettle Kitchen Power,2019-03-09,0
Hot Water Kettle Kitchen Power,2019-03-10,0
Hot Water Kettle Kitchen Power,2019-03-11,0
Hot Water Kettle Kitchen Power,2019-03-12,0
Hot Water Kettle Kitchen Power,2019-03-13,0
Hot Water Kettle Kitchen Power,2019-03-14,27
Hot Water Kettle Kitchen Power,2019-03-15,0
Hot Water Kettle Kitchen Power,2019-03-16,0
Hot Water Kettle Kitchen Power,2019-03-17,0
Hot Water Kettle Kitchen Power,2019-03-18,0
Hot Water Kettle Kitchen Power,2019-03-19,0
Hot Water Kettle Kitchen Power,2019-03-20,0
Hot Water Kettle Kitchen Power,2019-03-21,41
Hot Water Kettle Kitchen Power,2019-03-22,0
Hot Water Kettle Kitchen Power,2019-03-23,0
Hot Water Kettle Kitchen Power,2019-03-24,0
Hot Water Kettle Kitchen Power,2019-03-25,0
Hot Water Kettle Kitchen Power,2019-03-26,0
Hot Water Kettle Kitchen Power,2019-03-27,0
Hot Water Kettle Kitchen Power,2019-03-28,31
TV Lounge Power,2019-03-07,1770
TV Lounge Power,2019-03-08,0
TV Lounge Power,2019-03-09,0
TV Lounge Power,2019-03-10,0
TV Lounge Power,2019-03-11,0
TV Lounge Power,2019-03-12,0
TV Lounge Power,2019-03-13,0
TV Lounge Power,2019-03-14,1218
TV Lounge Power,2019-03-15,0
TV Lounge Power,2019-03-16,0
TV Lounge Power,2019-03-17,0
TV Lounge Power,2019-03-18,0
TV Lounge Power,2019-03-19,0
TV Lounge Power,2019-03-20,0
TV Lounge Power,2019-03-21,1156
TV Lounge Power,2019-03-22,0
TV Lounge Power,2019-03-23,0
TV Lounge Power,2019-03-24,0
TV Lounge Power,2019-03-25,0
TV Lounge Power,2019-03-26,0
TV Lounge Power,2019-03-27,0
TV Lounge Power,2019-03-28,979
