Bed Lamp Power,2019-03-01,41
Bed Lamp Power,2019-03-02,0
Bed Lamp Power,2019-03-03,0
Bed Lamp Power,2019-03-04,0
Bed Lamp Power,2019-03-05,0
Bed Lamp Power,2019-03-06,0
Bed Lamp Power,2019-03-07,0
Bed Lamp Power,2019-03-08,36
Bed Lamp Power,2019-03-09,0
Bed Lamp Power,2019-03-10,0
Bed Lamp Power,2019-03-11,0
Bed Lamp Power,2019-03-12,0
Bed Lamp Power,2019-03-13,0
Bed Lamp Power,2019-03-14,0
Bed Lamp Power,2019-03-15,33
Bed Lamp Power,2019-03-16,0
Bed Lamp Power,2019-03-17,0
Bed Lamp Power,2019-03-18,0
Bed Lamp Power,2019-03-19,0
Bed Lamp Power,2019-03-20,0
Bed Lamp Power,2019-03-21,0
Bed Lamp Power,2019-03-22,41
Bed Lamp Power,2019-03-23,0
Bed Lamp Power,2019-03-24,0
Bed Lamp Power,2019-03-25,0
Bed Lamp Power,2019-03-26,0
Bed Lamp Power,2019-03-27,0
Bed Lamp Power,2019-03-28,0
Bed Lamp Power,2019-03-29,27
Hot Water Kettle Kitchen Power,2019-03-01,40
Hot Water Kettle Kitchen Power,2019-03-02,0
Hot Water Kettle Kitchen Power,2019-03-03,0
Hot Water Kettle Kitchen Power,2019-03-04,0
Hot Water Kettle Kitchen Power,2019-03-05,0
Hot Water Kettle Kitchen Power,2019-03-06,0
Hot Water Kettle Kitchen Power,2019-03-07,0
Hot Water Kettle Kitchen Power,2019-03-08,34
Hot Water Kettle Kitchen Power,2019-03-09,0
Hot Water Kettle Kitchen Power,2019-03-10,0
Hot Water Kettle Kitchen Power,2019-03-11,0
Hot Water Kettle Kitchen Power,2019-03-12,0
Hot Water Kettle Kitchen Power,2019-03-13,0
Hot Water Kettle Kitchen Power,2019-03-14,0
Hot Water Kettle Kitchen Power,2019-03-15,31
Hot Water Kettle Kitchen Power,2019-03-16,0
Hot Water Kettle Kitchen Power,2019-03-17,0
Hot Water Kettle Kitchen Power,2019-03-18,0
Hot Water Kettle Kitchen Power,2019-03-19,0
Hot Water Kettle Kitchen Power,2019-03-20,0
Hot Water Kettle Kitchen Power,2019-03-21,0
Hot Water Kettle Kitchen Power,2019-03-22,42
Hot Water Kettle Kitchen Power,2019-03-23,0
Hot Water Kettle Kitchen Power,2019-03-24,0
Hot Water Kettle Kitchen Power,2019-03-25,0
Hot Water Kettle Kitchen Power,2019-03-26,0
Hot Water Kettle Kitchen Power,2019-03-27,0
Hot Water Kettle Kitchen Power,2019-03-28,0
Hot Water Kettle Kitchen Power,2019-03-29,37
TV Lounge Power,2019-03-01,1622
TV Lounge Power,2019-03-02,0
TV Lounge Power,2019-03-03,0
TV Lounge Power,2019-03-04,0
TV Lounge Power,2019-03-05,0
TV Lounge Power,2019-03-06,0
TV Lounge Power,2019-03-07,0
TV Lounge Power,2019-03-08,1309
TV Lounge Power,2019-03-09,0
TV Lounge Power,2019-03-10,0
TV Lounge Power,2019-03-11,0
TV Lounge Power,2019-03-12,0
TV Lounge Power,2019-03-13,0
TV Lounge Power,2019-03-14,0
TV Lounge Power,2019-03-15,1339
TV Lounge Power,2019-03-16,0
TV Lounge Power,2019-03-17,0
TV Lounge Power,2019-03-18,0
TV Lounge Power,2019-03-19,0
TV Lounge Power,2019-03-20,0
TV Lounge Power,2019-03-21,0
TV Lounge Power,2019-03-22,845
TV Lounge Power,2019-03-23,0
TV Lounge Power,2019-03-24,0
TV Lounge Power,2019-03-25,0
TV Lounge Power,2019-03-26,0
TV Lounge Power,2019-03-27,0
TV Lounge Power,2019-03-28,0
TV Lounge Power,2019-03-29,1199
